[{"defineAdditionalVar":"private List\u003cM3UItem\u003e mItem \u003d new ArrayList\u003cM3UItem\u003e()","varName":"M3UParser parser \u003d new M3UParser();private List\u003cM3UItem\u003e mItem \u003d new ArrayList\u003cM3UItem\u003e(); private M3UPlaylist playlist;//","imports":"MohammedAlherk.m3u8Parser.*\njava.io.*","name":"M3U8 Parser","typeName":"M3U8 Parser","icon":"2131165475","description":"M3U8 Parser By YOUTUBE CHANNEL Mohammed Khalifa Alherk\nSubscribe to my channel for new blocks and lessons","id":"19950607","class":"m3u8Parser","buildClass":"m3u8Parser","url":"","additionalVar":"private M3UPlaylist playlist"}]